ID;Gender;Age;Marital Status;Children;Smoker;Employed;Years Worked;Income Level;Social Media;Online Gaming;Cancer
25137;Male;23;Married;3;No;No;0;Low;Yes;No;Yes
13063;Male;55;Single;4;Yes;No;0;Low;No;No;Yes
61685;Female;43;Single;3;No;Yes;25;Low;Yes;Yes;Yes
49303;Female;24;Married;0;Yes;Yes;15;High;Yes;Yes;No
84442;Female;54;Widowed;13;Yes;No;0;Low;No;Yes;No
99609;Female;19;Separated;0;No;Yes;2;Low;Yes;Yes;No
55657;Female;67;Separated;0;Yes;No;0;Low;Yes;No;Yes
40949;Male;19;Married;2;No;Yes;34;Low;No;Yes;No
11655;Male;41;Widowed;1;No;No;0;Low;No;Yes;No
77423;Female;87;Married;5;Yes;No;0;Low;No;Yes;Yes
81580;Male;32;Separated;1;Yes;Yes;24;Low;No;No;Yes
99321;Female;33;Married;1;Yes;Yes;2;Low;No;Yes;No
24196;Female;33;Separated;2;Yes;Yes;26;High;No;Yes;No
23230;Male;65;Single;2;No;No;0;Low;No;No;Yes
37932;Male;89;Married;1;Yes;Yes;18;Low;No;No;Yes
97651;Female;35;Separated;4;Yes;No;0;Low;No;No;No
91726;Female;50;Separated;0;No;Yes;25;Medium;Yes;No;No
40281;Female;39;Widowed;4;No;Yes;39;High;No;Yes;Yes
84778;Male;23;Widowed;2;No;Yes;25;High;No;No;Yes
85448;Male;52;Widowed;5;No;Yes;15;High;No;Yes;No
24065;Female;45;Widowed;1;No;Yes;23;Low;No;No;Yes
88100;Female;35;Married;4;Yes;No;0;Low;No;No;Yes
39127;Male;44;Separated;3;Yes;Yes;8;Low;No;No;Yes
64433;Female;83;Separated;3;Yes;Yes;3;Medium;Yes;Yes;Yes
96180;Female;25;Married;4;Yes;No;0;Low;Yes;No;Yes
15928;Male;39;Widowed;2;Yes;No;0;Low;No;Yes;Yes
46881;Male;34;Widowed;1;No;No;0;Low;No;No;Yes
91316;Male;49;Married;5;No;Yes;31;High;Yes;Yes;Yes
36016;Male;33;Separated;2;Yes;Yes;33;Low;No;Yes;Yes
58323;Male;48;Separated;2;Yes;No;0;Low;Yes;No;No
66189;Male;61;Widowed;1;No;No;0;Low;No;Yes;Yes
16915;Female;81;Widowed;5;No;Yes;9;High;Yes;No;Yes
11014;Female;53;Widowed;4;Yes;Yes;28;Low;No;Yes;Yes
11452;Female;69;Married;4;Yes;No;0;Low;Yes;No;Yes
12231;Female;80;Separated;1;No;Yes;0;High;No;Yes;No
44103;Female;26;Single;0;Yes;Yes;9;Medium;No;No;Yes
42472;Male;47;Widowed;2;Yes;No;0;Low;No;No;Yes
86849;Female;56;Single;1;No;No;0;Low;Yes;Yes;No
28133;Female;80;Separated;0;No;Yes;27;Medium;Yes;No;Yes
56172;Female;24;Married;5;No;Yes;25;Medium;Yes;Yes;Yes
47445;Male;81;Married;4;No;No;0;Low;No;No;Yes
81681;Male;26;Widowed;4;Yes;Yes;24;High;Yes;No;Yes
92349;Male;57;Widowed;2;No;No;0;Low;Yes;No;Yes
12498;Male;60;Single;1;Yes;Yes;17;Medium;No;No;Yes
74113;Male;89;Widowed;1;Yes;No;0;Low;Yes;No;Yes
60056;Female;67;Separated;0;Yes;Yes;26;Medium;Yes;Yes;Yes
85916;Male;37;Widowed;2;Yes;Yes;1;Medium;No;No;Yes
47280;Female;24;Single;0;Yes;No;0;Low;No;No;No
35541;Female;19;Separated;3;Yes;No;0;Low;Yes;Yes;Yes
90297;Female;53;Widowed;2;No;Yes;7;Medium;Yes;Yes;Yes
56283;Female;74;Single;3;No;Yes;36;High;No;Yes;Yes
60658;Male;61;Widowed;4;Yes;No;0;Low;Yes;No;Yes
60591;Male;20;Separated;2;Yes;Yes;12;Low;No;Yes;No
93919;Male;20;Separated;1;No;No;0;Low;Yes;No;No
90505;Female;64;Single;3;Yes;Yes;27;High;No;Yes;Yes
87227;Female;52;Single;2;Yes;No;0;Low;Yes;Yes;Yes
23893;Male;19;Separated;2;Yes;No;0;Low;Yes;Yes;No
18735;Male;66;Single;4;No;No;0;Low;Yes;Yes;Yes
60533;Female;61;Single;0;Yes;Yes;25;Low;No;Yes;Yes
94274;Female;82;Single;0;No;No;0;Low;No;Yes;No
87091;Male;41;Married;1;Yes;No;0;Low;Yes;No;Yes
25727;Female;37;Widowed;2;No;No;0;Low;No;Yes;No
30511;Male;51;Separated;5;Yes;No;0;Low;Yes;Yes;Yes
53170;Female;80;Widowed;4;Yes;Yes;24;Medium;No;Yes;Yes
75097;Female;48;Separated;2;No;No;0;Low;No;No;Yes
21060;Female;84;Widowed;4;Yes;Yes;20;Medium;No;Yes;Yes
40150;Male;54;Widowed;1;Yes;No;0;Low;Yes;No;No
60267;Male;28;Married;0;Yes;Yes;2;Low;No;No;Yes
92623;Female;60;Married;3;Yes;No;0;Low;No;No;Yes
27067;Female;88;Single;2;Yes;No;0;Low;Yes;No;Yes
31414;Female;55;Separated;3;Yes;No;0;Low;No;Yes;Yes
26890;Male;46;Separated;2;No;No;0;Low;Yes;Yes;No
39723;Female;41;Single;4;No;Yes;26;High;No;Yes;Yes
73920;Female;68;Married;4;No;No;0;Low;No;No;Yes
89263;Female;63;Married;5;Yes;No;0;Low;No;Yes;Yes
64699;Female;33;Married;1;Yes;No;0;Low;No;Yes;No
45427;Female;43;Married;1;Yes;Yes;17;Low;No;Yes;No
16885;Male;24;Widowed;5;No;Yes;11;Low;No;No;Yes
91887;Male;71;Single;1;Yes;Yes;8;Low;Yes;No;Yes
43790;Male;87;Separated;2;No;Yes;25;Medium;Yes;Yes;Yes
46921;Female;19;Single;3;Yes;No;0;Low;No;No;Yes
82905;Male;54;Widowed;3;Yes;No;0;Low;No;Yes;Yes
22751;Male;56;Single;5;No;Yes;1;High;Yes;No;Yes
47406;Male;89;Separated;3;Yes;Yes;30;Medium;Yes;No;Yes
50168;Male;59;Widowed;1;No;Yes;35;High;Yes;No;Yes
61303;Female;66;Married;5;No;Yes;13;Low;Yes;No;Yes
88828;Female;51;Married;5;Yes;No;0;Low;Yes;Yes;Yes
77459;Male;65;Married;4;No;No;0;Low;No;No;Yes
53521;Female;73;Single;3;No;No;0;Low;No;Yes;No
64528;Female;46;Separated;4;Yes;Yes;31;Medium;Yes;Yes;Yes
77632;Female;38;Married;1;Yes;No;0;Low;Yes;Yes;Yes
28793;Male;65;Widowed;0;Yes;Yes;16;Low;No;No;Yes
78824;Male;81;Widowed;5;Yes;No;0;Low;No;No;Yes
50763;Female;19;Married;5;Yes;Yes;17;Medium;Yes;No;Yes
55544;Male;55;Married;2;Yes;Yes;15;Medium;No;Yes;No
14795;Female;65;Separated;5;Yes;Yes;5;High;Yes;No;Yes
12596;Female;31;Single;0;Yes;No;0;Low;No;No;No
62573;Female;28;Widowed;3;Yes;Yes;30;Medium;Yes;No;Yes
32201;Male;28;Married;2;No;No;0;Low;Yes;No;No
93641;Male;68;Widowed;3;Yes;No;0;Low;No;Yes;No
49248;Male;71;Single;0;No;No;0;Low;No;No;Yes
31749;Male;29;Widowed;2;No;Yes;32;Low;No;Yes;No
51289;Male;40;Married;0;No;Yes;4;High;Yes;Yes;No
29892;Female;86;Separated;3;No;Yes;23;Low;Yes;Yes;Yes
89310;Female;36;Separated;0;Yes;Yes;22;High;Yes;Yes;Yes
43279;Female;45;Married;2;Yes;No;0;Low;No;No;No
58969;Female;65;Single;1;No;Yes;0;Medium;Yes;No;Yes
69360;Female;77;Separated;1;No;Yes;35;Medium;Yes;Yes;Yes
57528;Female;80;Single;1;Yes;Yes;35;Medium;Yes;Yes;Yes
48610;Male;82;Single;1;No;Yes;8;High;No;Yes;No
79341;Female;68;Separated;5;No;Yes;25;Low;Yes;No;Yes
82415;Male;81;Widowed;1;Yes;Yes;9;Low;No;No;Yes
74740;Female;85;Single;5;No;Yes;38;High;No;Yes;Yes
18809;Female;48;Widowed;1;Yes;Yes;31;Low;Yes;No;Yes
49032;Female;86;Widowed;1;No;Yes;34;Low;Yes;No;Yes
15574;Male;27;Widowed;1;No;Yes;28;High;No;No;Yes
42457;Female;83;Married;1;No;No;0;Low;No;Yes;No
36610;Female;30;Single;5;No;No;0;Low;No;No;No
22898;Female;84;Widowed;1;No;No;0;Low;Yes;Yes;No
32278;Male;76;Single;2;Yes;Yes;24;Medium;Yes;Yes;Yes
11666;Male;53;Married;2;Yes;Yes;22;Medium;Yes;Yes;Yes
55008;Female;61;Separated;5;No;Yes;23;Low;No;No;Yes
50270;Female;50;Married;1;Yes;Yes;36;Medium;No;No;Yes
85784;Male;30;Single;0;Yes;Yes;35;Low;No;No;Yes
41982;Female;23;Separated;1;Yes;No;0;Low;No;No;No
13955;Female;63;Separated;3;No;Yes;34;Low;No;No;Yes
88660;Male;38;Married;2;Yes;No;0;Low;No;Yes;Yes
78360;Male;87;Single;1;Yes;No;0;Low;Yes;Yes;Yes
35711;Male;69;Widowed;5;Yes;Yes;18;Medium;Yes;Yes;Yes
84779;Male;26;Widowed;2;No;Yes;14;Medium;No;No;No
53022;Male;67;Widowed;3;Yes;No;0;Low;No;Yes;Yes
16457;Female;86;Married;3;Yes;No;0;Low;Yes;No;Yes
32796;Male;71;Single;4;Yes;No;0;Low;No;No;Yes
86114;Female;29;Single;0;No;No;0;Low;Yes;Yes;Yes
70811;Male;73;Widowed;5;Yes;No;0;Low;No;Yes;Yes
45491;Female;55;Separated;2;No;No;0;Low;No;No;Yes
38033;Female;76;Separated;4;Yes;No;0;Low;No;No;Yes
24121;Female;25;Married;3;Yes;No;0;Low;No;Yes;No
82400;Male;46;Widowed;5;Yes;No;0;Low;Yes;No;Yes
96982;Female;88;Married;5;No;Yes;15;Low;Yes;Yes;Yes
40936;Male;23;Widowed;1;No;No;0;Low;Yes;Yes;Yes
54386;Female;18;Separated;3;Yes;No;0;Low;No;No;Yes
11546;Male;57;Single;5;No;No;0;Low;No;Yes;Yes
14086;Male;86;Single;0;Yes;Yes;37;High;No;No;Yes
28641;Female;33;Single;3;No;No;0;Low;Yes;No;Yes
28425;Female;56;Widowed;3;No;Yes;20;Medium;No;No;No
55055;Female;22;Widowed;3;No;Yes;31;Low;No;Yes;Yes
52725;Male;65;Single;2;No;No;0;Low;Yes;No;Yes
27157;Male;30;Separated;4;Yes;No;0;Low;No;Yes;Yes
79162;Male;71;Separated;4;Yes;Yes;23;Medium;Yes;Yes;Yes
58416;Male;85;Single;3;Yes;No;0;Low;No;No;Yes
34694;Female;71;Single;4;Yes;No;0;Low;Yes;Yes;Yes
33633;Female;48;Widowed;5;Yes;Yes;38;High;No;No;Yes
49798;Male;56;Separated;4;No;No;0;Low;Yes;Yes;No
40065;Male;53;Married;0;Yes;Yes;5;Medium;No;Yes;No
65677;Female;31;Single;0;Yes;No;0;Low;No;No;Yes
54294;Female;29;Widowed;1;Yes;Yes;34;High;No;No;Yes
39459;Male;78;Single;1;Yes;Yes;1;Low;Yes;No;Yes
46293;Male;81;Single;5;Yes;No;0;Low;Yes;No;Yes
67410;Female;21;Widowed;3;No;No;0;Low;Yes;Yes;Yes
53649;Female;52;Single;2;Yes;No;0;Low;No;No;Yes
65492;Female;61;Single;2;No;Yes;26;Medium;No;Yes;Yes
72338;Female;49;Separated;4;Yes;No;0;Low;Yes;No;Yes
71755;Female;56;Single;0;Yes;Yes;14;Low;No;No;Yes
49059;Female;41;Single;1;No;Yes;12;Medium;No;Yes;No
74923;Female;73;Separated;1;No;No;0;Low;Yes;No;Yes
91845;Male;58;Single;5;Yes;Yes;2;High;Yes;Yes;Yes
65596;Male;36;Single;1;Yes;No;0;Low;No;Yes;No
63079;Male;74;Widowed;1;Yes;Yes;38;High;Yes;No;Yes
80509;Female;24;Separated;5;Yes;No;0;Low;Yes;Yes;Yes
56202;Female;67;Separated;1;Yes;No;0;Low;Yes;Yes;Yes
73465;Male;41;Single;3;Yes;No;0;Low;No;No;Yes
20954;Male;88;Single;1;Yes;Yes;33;High;No;No;Yes
57983;Female;66;Separated;0;No;Yes;39;Low;Yes;Yes;Yes
14015;Male;29;Separated;5;No;Yes;13;Medium;Yes;No;No
90969;Female;23;Single;1;No;No;0;Low;Yes;Yes;Yes
43427;Male;75;Separated;3;No;No;0;Low;Yes;No;Yes
82912;Female;56;Separated;2;No;Yes;20;Medium;Yes;Yes;Yes
62595;Male;57;Widowed;5;No;Yes;2;Medium;Yes;Yes;No
19003;Male;45;Widowed;0;No;Yes;38;Low;Yes;Yes;Yes
69144;Female;80;Married;3;Yes;Yes;19;Low;Yes;Yes;Yes
52874;Female;80;Single;4;No;Yes;17;High;Yes;No;Yes
88183;Female;51;Single;3;No;Yes;21;High;No;Yes;Yes
37704;Male;73;Separated;5;Yes;No;0;Low;Yes;Yes;Yes
58348;Female;82;Widowed;0;Yes;No;0;Low;Yes;Yes;Yes
97329;Male;24;Separated;1;No;No;0;Low;Yes;Yes;Yes
61453;Female;78;Widowed;2;No;No;0;Low;No;No;No
31591;Male;79;Separated;4;No;No;0;Low;No;No;No
53075;Female;32;Single;5;No;No;0;Low;Yes;Yes;Yes
27112;Female;25;Married;2;Yes;No;0;Low;No;Yes;No
17324;Female;87;Single;4;Yes;Yes;10;High;No;Yes;Yes
76332;Female;28;Single;4;No;Yes;14;Low;No;Yes;Yes
59452;Female;22;Separated;4;Yes;No;0;Low;No;Yes;Yes
64907;Male;89;Widowed;2;No;No;0;Low;Yes;Yes;No
75900;Male;66;Widowed;2;No;Yes;15;Low;Yes;Yes;No
18894;Female;24;Widowed;1;Yes;Yes;22;Low;Yes;No;Yes
13697;Female;71;Single;5;Yes;No;0;Low;Yes;No;Yes
76794;Male;50;Widowed;1;Yes;Yes;10;High;Yes;Yes;No
38610;Male;54;Separated;3;No;Yes;34;Medium;No;No;Yes
89594;Female;82;Married;3;Yes;Yes;30;Medium;Yes;No;Yes
55841;Male;67;Separated;3;Yes;Yes;28;Medium;No;Yes;Yes
53180;Female;84;Separated;3;Yes;Yes;19;High;Yes;No;Yes
35724;Male;18;Widowed;2;Yes;No;0;Low;No;Yes;No
31779;Female;82;Separated;1;No;Yes;16;Medium;No;Yes;Yes
77617;Female;24;Separated;4;Yes;Yes;27;Medium;No;Yes;No
39066;Male;76;Widowed;0;Yes;No;0;Low;Yes;No;Yes
18943;Female;79;Separated;2;No;No;0;Low;No;Yes;No
18123;Female;89;Widowed;0;Yes;No;0;Low;Yes;No;Yes
37365;Male;41;Single;2;Yes;No;0;Low;Yes;Yes;Yes
52670;Female;38;Widowed;0;No;Yes;12;Medium;No;Yes;No
90779;Female;65;Separated;5;Yes;Yes;17;High;No;Yes;Yes
59807;Male;37;Widowed;3;No;Yes;20;Low;Yes;No;Yes
31544;Female;62;Widowed;0;No;Yes;16;Low;Yes;No;Yes
55897;Female;22;Married;4;Yes;Yes;6;High;No;No;Yes
36989;Male;59;Married;2;No;No;0;Low;Yes;Yes;No
98732;Female;31;Married;1;Yes;No;0;Low;No;No;Yes
98538;Female;22;Single;1;Yes;No;0;Low;Yes;Yes;Yes
64456;Female;32;Widowed;5;No;Yes;30;Medium;Yes;Yes;Yes
25417;Female;87;Single;5;No;No;0;Low;Yes;No;Yes
48970;Female;25;Separated;3;Yes;No;0;Low;Yes;Yes;Yes
19008;Female;82;Single;1;No;No;0;Low;No;No;Yes
73683;Male;89;Married;1;Yes;Yes;2;Low;Yes;No;Yes
24388;Male;79;Single;3;Yes;Yes;4;High;Yes;Yes;Yes
32303;Female;58;Widowed;3;No;No;0;Low;No;No;Yes
92167;Male;23;Widowed;0;Yes;No;0;Low;Yes;No;Yes
98911;Male;77;Widowed;2;No;Yes;6;Medium;Yes;No;No
76223;Female;30;Widowed;1;Yes;No;0;Low;Yes;No;Yes
44768;Female;89;Separated;4;No;Yes;4;Low;Yes;No;Yes
54517;Female;43;Married;3;Yes;No;0;Low;No;Yes;Yes
98964;Male;29;Single;2;No;Yes;35;Medium;Yes;No;Yes
12587;Female;30;Married;3;No;No;0;Low;Yes;No;No
78182;Female;49;Single;2;No;No;0;Low;No;No;No
91121;Female;64;Separated;2;No;No;0;Low;No;No;No
21426;Male;56;Separated;2;Yes;No;0;Low;Yes;No;Yes
64869;Male;74;Widowed;2;Yes;No;0;Low;Yes;Yes;Yes
81703;Male;34;Separated;3;No;No;0;Low;Yes;No;No
74246;Male;39;Separated;2;No;No;0;Low;No;No;No
14814;Female;39;Widowed;3;No;No;0;Low;Yes;No;Yes
24951;Male;79;Separated;5;Yes;Yes;7;Medium;No;Yes;Yes
77464;Male;28;Single;4;Yes;No;0;Low;Yes;Yes;Yes
49592;Male;62;Separated;0;No;Yes;10;High;No;Yes;Yes
96933;Female;68;Separated;4;Yes;No;0;Low;No;Yes;Yes
46380;Female;67;Separated;3;No;Yes;16;Medium;Yes;Yes;Yes
22612;Male;55;Single;4;No;Yes;16;High;No;Yes;Yes
58218;Female;21;Widowed;2;No;Yes;2;Low;Yes;Yes;Yes
67528;Female;24;Single;3;No;Yes;27;Low;Yes;No;Yes
34275;Male;19;Separated;0;No;Yes;37;High;Yes;Yes;Yes
13955;Male;61;Single;0;No;Yes;1;High;Yes;Yes;Yes
83954;Male;44;Single;1;No;Yes;31;Low;No;No;Yes
31674;Male;78;Separated;3;No;Yes;5;Low;Yes;No;Yes
52891;Male;35;Married;1;No;Yes;3;High;Yes;Yes;No
99976;Female;48;Single;1;Yes;Yes;3;Medium;No;No;Yes
74713;Female;37;Separated;4;No;No;0;Low;Yes;Yes;No
38196;Male;21;Widowed;4;No;No;0;Low;Yes;Yes;No
75485;Female;22;Separated;2;Yes;No;0;Low;Yes;No;Yes
67610;Male;45;Separated;3;No;No;0;Low;No;No;Yes
75402;Female;25;Separated;2;Yes;No;0;Low;Yes;Yes;Yes
86115;Female;40;Widowed;4;Yes;Yes;30;Medium;No;Yes;No
48481;Female;27;Widowed;4;Yes;No;0;Low;No;No;Yes
47544;Female;39;Single;3;No;No;0;Low;Yes;No;Yes
17142;Male;20;Married;4;Yes;No;0;Low;Yes;No;Yes
66645;Male;40;Married;2;No;No;0;Low;Yes;No;Yes
97069;Male;83;Widowed;2;No;Yes;38;Medium;Yes;No;Yes
98068;Female;85;Single;1;No;No;0;Low;Yes;Yes;No
32216;Female;58;Married;2;Yes;No;0;Low;No;Yes;No
47415;Female;54;Widowed;4;No;No;0;Low;No;Yes;No
46850;Female;60;Single;3;No;Yes;11;Low;No;No;Yes
46964;Female;39;Widowed;1;No;Yes;39;Low;No;No;Yes
96206;Male;39;Separated;4;No;Yes;11;High;No;No;No
85238;Male;51;Married;1;Yes;Yes;39;Medium;Yes;Yes;Yes
16339;Female;27;Separated;1;Yes;No;0;Low;Yes;No;Yes
64909;Male;43;Married;4;No;No;0;Low;Yes;No;No
47669;Female;23;Married;1;No;No;0;Low;Yes;No;No
58606;Male;71;Separated;0;No;No;0;Low;No;Yes;Yes
50811;Male;19;Married;2;No;Yes;27;High;No;Yes;No
75809;Male;48;Married;2;No;Yes;25;High;No;No;Yes
99729;Female;59;Widowed;5;Yes;Yes;0;Medium;Yes;No;Yes
56608;Female;28;Married;4;Yes;Yes;23;Medium;Yes;No;Yes
24440;Male;61;Widowed;1;Yes;Yes;35;Medium;No;No;Yes
26332;Male;24;Married;1;No;Yes;3;High;Yes;No;Yes
95628;Male;21;Single;2;Yes;No;0;Low;No;No;No
16990;Male;32;Married;0;Yes;Yes;34;Medium;No;Yes;No
18132;Female;42;Married;2;Yes;No;0;Low;Yes;Yes;Yes
99168;Female;31;Separated;1;No;No;0;Low;No;No;Yes
22949;Male;62;Widowed;3;No;Yes;28;Medium;Yes;Yes;Yes
70826;Female;83;Single;0;No;Yes;36;Low;Yes;Yes;Yes
22303;Female;18;Married;1;Yes;Yes;33;Low;No;No;Yes
62135;Male;84;Separated;4;Yes;No;0;Low;Yes;No;Yes
60512;Female;74;Separated;5;No;No;0;Low;Yes;Yes;No
13842;Male;67;Widowed;0;Yes;Yes;5;High;No;Yes;No
69967;Male;57;Single;4;Yes;Yes;18;Medium;Yes;No;Yes
52734;Male;79;Single;5;No;Yes;13;Low;No;Yes;Yes
57800;Female;71;Married;5;Yes;Yes;36;Medium;Yes;Yes;Yes
15840;Male;85;Widowed;3;Yes;Yes;35;Medium;No;No;Yes
53017;Male;84;Widowed;1;Yes;No;0;Low;Yes;No;Yes
56222;Female;66;Single;2;Yes;Yes;12;High;Yes;No;Yes
48166;Female;40;Single;2;No;No;0;Low;Yes;Yes;Yes
16987;Male;59;Single;2;No;Yes;37;Low;No;Yes;No
69008;Female;47;Widowed;4;No;No;0;Low;Yes;Yes;No
25833;Male;52;Separated;1;No;Yes;24;Medium;No;No;Yes
71297;Female;28;Single;2;No;Yes;29;High;Yes;Yes;No
75896;Female;44;Widowed;2;No;Yes;32;High;Yes;No;Yes
91532;Male;32;Single;0;Yes;Yes;33;Low;Yes;Yes;Yes
89153;Female;84;Single;5;Yes;Yes;14;Low;No;No;Yes
47524;Female;23;Separated;4;Yes;Yes;1;Medium;Yes;Yes;Yes
98015;Female;73;Married;4;No;Yes;36;Low;Yes;Yes;Yes
22463;Male;82;Widowed;5;Yes;No;0;Low;Yes;Yes;Yes
46931;Female;49;Separated;3;No;Yes;13;Medium;Yes;Yes;No
74700;Female;82;Widowed;3;Yes;No;0;Low;No;No;Yes
78124;Female;46;Single;3;No;Yes;4;High;Yes;Yes;Yes
96178;Female;72;Married;5;No;Yes;14;Medium;Yes;No;Yes
54484;Male;76;Single;2;No;Yes;18;Low;Yes;No;Yes
73294;Female;58;Widowed;3;Yes;No;0;Low;Yes;Yes;No
28704;Male;25;Single;5;No;Yes;39;High;Yes;No;Yes
96653;Female;44;Married;0;Yes;Yes;9;Low;Yes;No;Yes
29574;Male;37;Married;1;No;No;0;Low;No;No;Yes
30764;Female;36;Widowed;4;No;Yes;5;Low;Yes;No;Yes
53586;Female;71;Single;3;No;Yes;10;Low;Yes;Yes;Yes
79150;Female;56;Married;3;No;Yes;19;Medium;No;Yes;No
38292;Male;69;Widowed;1;No;Yes;37;High;Yes;Yes;No
35015;Male;50;Married;4;Yes;No;0;Low;No;Yes;No
90464;Male;84;Single;1;No;Yes;20;Low;Yes;Yes;Yes
16025;Female;63;Separated;0;Yes;No;0;Low;Yes;Yes;Yes
71320;Male;76;Married;4;Yes;No;0;Low;No;No;Yes
14728;Female;54;Widowed;4;No;No;0;Low;No;Yes;No
99571;Male;69;Widowed;2;Yes;No;0;Low;Yes;Yes;Yes
94819;Female;32;Separated;5;No;No;0;Low;No;Yes;No
41889;Male;84;Widowed;4;Yes;Yes;2;High;No;No;Yes
17051;Male;69;Married;4;Yes;No;0;Low;No;No;Yes
51259;Male;41;Widowed;1;Yes;No;0;Low;No;No;No
42163;Male;67;Married;3;No;No;0;Low;Yes;No;Yes
85662;Male;83;Married;5;Yes;No;0;Low;No;Yes;Yes
62215;Female;76;Separated;4;Yes;Yes;27;Medium;Yes;Yes;Yes
27604;Male;41;Single;3;No;No;0;Low;Yes;No;Yes
44593;Male;42;Widowed;1;Yes;No;0;Low;No;No;No
87620;Male;49;Widowed;3;Yes;Yes;35;High;Yes;No;Yes
47238;Female;46;Married;2;Yes;No;0;Low;No;No;Yes
18758;Female;20;Separated;4;Yes;Yes;21;Medium;No;No;Yes
72954;Female;45;Widowed;1;Yes;No;0;Low;Yes;Yes;Yes
96949;Male;39;Widowed;5;No;No;0;Low;No;Yes;Yes
50080;Female;58;Widowed;3;No;Yes;16;Medium;Yes;Yes;Yes
91451;Male;58;Single;2;No;Yes;38;Medium;No;No;No
75286;Male;43;Married;3;No;Yes;21;High;Yes;Yes;Yes
90113;Male;80;Single;3;No;No;0;Low;Yes;Yes;Yes
69027;Male;78;Single;3;Yes;Yes;39;Low;No;No;Yes
40892;Male;33;Separated;3;Yes;Yes;12;High;No;No;Yes
38427;Female;78;Married;1;No;No;0;Low;No;No;Yes
75079;Female;52;Separated;0;No;Yes;14;Low;No;No;Yes
93828;Male;48;Separated;5;Yes;Yes;16;High;Yes;No;Yes
24987;Male;19;Married;3;Yes;No;0;Low;Yes;No;Yes
69177;Male;66;Widowed;4;No;No;0;Low;Yes;Yes;No
82821;Male;55;Separated;1;Yes;No;0;Low;No;No;No
17960;Male;66;Single;5;No;Yes;14;High;Yes;Yes;Yes
59467;Male;49;Single;2;No;Yes;15;High;No;No;No
65976;Male;74;Single;3;Yes;Yes;37;High;Yes;No;Yes
39352;Male;50;Separated;4;No;No;0;Low;Yes;No;No
45927;Male;52;Single;1;No;No;0;Low;Yes;Yes;No
94198;Female;68;Single;0;No;Yes;29;High;No;Yes;Yes
15826;Female;73;Married;5;Yes;No;0;Low;No;Yes;Yes
99930;Male;20;Separated;1;Yes;Yes;4;Low;Yes;No;Yes
29673;Male;42;Separated;2;Yes;No;0;Low;Yes;No;Yes
48798;Female;36;Widowed;2;No;No;0;Low;Yes;No;No
73060;Female;51;Married;3;No;Yes;27;High;No;Yes;Yes
15652;Male;27;Single;1;Yes;Yes;10;Low;Yes;Yes;Yes
39074;Female;60;Separated;5;Yes;Yes;28;High;Yes;No;Yes
15180;Male;35;Separated;3;No;No;0;Low;No;No;Yes
12729;Male;20;Single;3;No;Yes;16;Low;Yes;Yes;Yes
55670;Male;73;Separated;0;Yes;No;0;Low;Yes;Yes;Yes
12888;Female;26;Single;1;No;No;0;Low;No;Yes;No
65120;Male;44;Separated;0;No;No;0;Low;Yes;Yes;Yes
36686;Male;62;Separated;5;Yes;No;0;Low;No;No;Yes
22897;Male;32;Single;2;Yes;Yes;31;High;Yes;Yes;Yes
55170;Female;40;Married;3;No;No;0;Low;Yes;No;Yes
21943;Female;19;Married;2;Yes;Yes;33;High;No;Yes;No
73933;Male;84;Married;5;No;Yes;27;Low;Yes;Yes;Yes
75789;Female;30;Widowed;1;Yes;No;0;Low;Yes;No;Yes
77094;Male;67;Married;4;Yes;Yes;12;High;No;Yes;Yes
80698;Male;88;Widowed;1;Yes;Yes;30;High;Yes;Yes;Yes
43330;Male;66;Married;0;No;No;0;Low;Yes;No;Yes
92705;Male;73;Single;0;Yes;No;0;Low;No;Yes;No
51959;Male;34;Married;4;No;No;0;Low;Yes;No;Yes
90993;Female;18;Married;5;Yes;No;0;Low;No;Yes;No
56786;Female;27;Married;1;No;Yes;39;Medium;Yes;No;Yes
58207;Male;21;Separated;1;Yes;Yes;32;Low;No;Yes;Yes
24308;Female;29;Married;1;Yes;No;0;Low;Yes;Yes;Yes
41265;Female;63;Separated;4;Yes;Yes;12;Medium;No;No;Yes
27224;Male;53;Widowed;4;No;Yes;36;Low;Yes;Yes;Yes
85893;Female;42;Married;3;Yes;No;0;Low;Yes;Yes;Yes
12744;Female;82;Separated;2;Yes;No;0;Low;Yes;Yes;Yes
43970;Male;50;Single;1;Yes;No;0;Low;Yes;Yes;No
15151;Female;80;Single;3;No;No;0;Low;No;No;Yes
69056;Female;27;Single;5;Yes;No;0;Low;Yes;Yes;Yes
75783;Male;87;Widowed;3;Yes;No;0;Low;No;Yes;Yes
40977;Female;72;Single;5;Yes;Yes;26;Medium;No;No;Yes
21488;Female;82;Married;4;Yes;No;0;Low;Yes;No;Yes
76163;Female;67;Separated;2;Yes;No;0;Low;No;Yes;Yes
48480;Male;87;Married;4;No;Yes;28;Medium;Yes;Yes;Yes
37240;Female;81;Married;1;Yes;No;0;Low;Yes;Yes;Yes
74531;Female;58;Single;3;Yes;No;0;Low;Yes;No;Yes
81014;Female;39;Widowed;3;No;No;0;Low;Yes;Yes;No
53370;Female;59;Single;5;No;Yes;13;Medium;Yes;Yes;Yes
34334;Male;24;Married;0;No;No;0;Low;No;Yes;No
79020;Male;53;Separated;2;Yes;Yes;34;Medium;Yes;Yes;Yes
29172;Male;18;Married;0;Yes;Yes;27;Low;No;Yes;Yes
43573;Female;82;Single;2;Yes;Yes;16;High;Yes;Yes;Yes
49744;Male;62;Widowed;2;No;No;0;Low;Yes;No;Yes
49888;Male;42;Married;1;No;Yes;17;Low;Yes;Yes;Yes
47619;Male;60;Widowed;3;Yes;Yes;2;Low;Yes;Yes;Yes
81099;Female;66;Single;2;Yes;Yes;27;Low;Yes;No;Yes
26751;Female;50;Separated;3;No;Yes;21;High;No;No;No
29728;Male;49;Widowed;3;No;Yes;2;Low;No;No;No
21012;Female;39;Widowed;3;Yes;No;0;Low;Yes;Yes;Yes
75299;Male;86;Single;3;Yes;No;0;Low;No;Yes;Yes
82041;Female;86;Single;1;No;Yes;27;Low;Yes;No;Yes
63173;Male;87;Widowed;4;No;No;0;Low;No;Yes;No
14428;Male;34;Married;0;No;Yes;15;Medium;No;No;No
24984;Female;29;Married;5;Yes;No;0;Low;Yes;Yes;Yes
73311;Female;39;Single;4;Yes;No;0;Low;No;Yes;Yes
95038;Female;30;Married;3;Yes;Yes;32;High;No;Yes;Yes
85340;Male;81;Separated;4;No;Yes;2;Low;No;No;Yes
14856;Female;58;Married;1;No;No;0;Low;No;No;No
34294;Male;54;Widowed;0;No;No;0;Low;No;Yes;Yes
48002;Female;45;Separated;3;No;No;0;Low;No;Yes;Yes
26436;Male;38;Single;2;No;Yes;18;High;Yes;No;Yes
22406;Male;38;Separated;4;Yes;No;0;Low;Yes;Yes;Yes
48535;Male;84;Married;3;Yes;Yes;29;Low;No;No;Yes
15696;Male;32;Single;0;Yes;No;0;Low;Yes;Yes;Yes
97947;Female;56;Separated;0;Yes;Yes;23;Low;Yes;Yes;Yes
72296;Female;68;Separated;2;Yes;No;0;Low;No;Yes;Yes
46102;Female;56;Separated;4;No;No;0;Low;Yes;Yes;No
18345;Male;67;Widowed;2;No;Yes;19;High;Yes;No;No
39537;Female;73;Single;0;Yes;No;0;Low;No;Yes;Yes
96871;Male;61;Married;5;Yes;No;0;Low;No;Yes;No
25747;Female;62;Widowed;2;Yes;Yes;26;Low;Yes;Yes;Yes
78886;Female;34;Single;3;No;No;0;Low;Yes;No;Yes
44851;Male;37;Widowed;3;Yes;No;0;Low;No;Yes;No
45645;Female;35;Separated;3;No;Yes;22;Medium;No;No;Yes
61869;Female;64;Married;1;Yes;Yes;9;High;Yes;Yes;Yes
71350;Female;30;Widowed;3;No;No;0;Low;No;No;No
53250;Male;82;Single;2;No;No;0;Low;No;No;Yes
46224;Female;56;Separated;3;Yes;No;0;Low;No;No;Yes
54697;Male;26;Widowed;1;Yes;Yes;34;High;No;No;No
29567;Female;55;Separated;5;Yes;No;0;Low;Yes;Yes;Yes
78794;Male;86;Married;5;No;Yes;37;Low;No;Yes;Yes
42818;Male;81;Widowed;5;No;No;0;Low;No;Yes;No
32069;Female;21;Separated;4;Yes;No;0;Low;Yes;Yes;Yes
49707;Male;69;Single;3;Yes;No;0;Low;No;Yes;Yes
97754;Male;27;Single;4;Yes;No;0;Low;No;No;Yes
25772;Male;85;Separated;5;No;Yes;32;Low;No;Yes;Yes
95662;Male;32;Separated;5;Yes;No;0;Low;No;Yes;Yes
35908;Female;24;Married;3;No;No;0;Low;Yes;Yes;No
70743;Female;76;Widowed;4;Yes;No;0;Low;No;No;Yes
24619;Male;47;Single;3;No;No;0;Low;Yes;Yes;Yes
84966;Male;66;Married;3;Yes;Yes;10;Medium;Yes;No;Yes
25141;Male;46;Widowed;3;No;Yes;38;High;Yes;No;Yes
45584;Female;40;Separated;2;No;Yes;30;Medium;No;Yes;No
47307;Female;64;Married;1;No;No;0;Low;No;No;Yes
47573;Male;21;Separated;3;Yes;Yes;4;Low;Yes;No;Yes
86331;Male;88;Widowed;5;No;Yes;21;Medium;Yes;Yes;Yes
34745;Female;51;Single;1;Yes;Yes;36;High;No;Yes;Yes
65108;Male;48;Separated;5;No;Yes;35;Low;Yes;No;Yes
15342;Male;40;Married;2;Yes;No;0;Low;No;Yes;No
61571;Male;33;Married;1;Yes;Yes;24;Low;Yes;Yes;Yes
15045;Female;76;Separated;0;Yes;Yes;35;Medium;No;No;Yes
70097;Female;31;Widowed;5;Yes;Yes;0;High;No;Yes;Yes
33472;Female;66;Widowed;2;No;Yes;30;Medium;No;No;No
16514;Female;36;Single;1;Yes;Yes;14;Low;No;Yes;Yes
17624;Female;56;Separated;1;No;Yes;31;Low;Yes;No;Yes
10311;Female;24;Single;0;Yes;Yes;11;High;No;No;Yes
80686;Male;30;Separated;5;Yes;No;0;Low;Yes;No;Yes
25418;Male;28;Single;0;Yes;Yes;3;Medium;No;No;Yes
62765;Female;71;Widowed;3;No;Yes;25;Low;No;No;Yes
92565;Female;69;Married;5;Yes;Yes;36;Medium;Yes;No;Yes
93795;Female;64;Separated;5;Yes;Yes;8;Medium;No;No;Yes
88261;Female;36;Married;1;Yes;No;0;Low;Yes;No;Yes
43747;Male;60;Separated;4;Yes;No;0;Low;No;Yes;Yes
69061;Female;51;Single;2;Yes;Yes;13;Medium;Yes;No;Yes
33111;Female;49;Widowed;4;No;Yes;7;Low;Yes;No;Yes
42868;Female;61;Married;4;Yes;Yes;37;Low;Yes;Yes;Yes
48833;Male;47;Single;5;Yes;No;0;Low;No;No;Yes
26768;Male;19;Separated;5;No;No;0;Low;Yes;Yes;Yes
40093;Female;63;Widowed;0;No;No;0;Low;No;Yes;Yes
63161;Female;76;Married;1;Yes;No;0;Low;Yes;Yes;Yes
53564;Female;36;Separated;2;No;Yes;33;Low;No;No;No
48876;Male;45;Single;3;Yes;No;0;Low;No;No;Yes
86458;Female;51;Single;4;No;No;0;Low;Yes;Yes;Yes
39830;Female;18;Single;2;No;Yes;11;High;Yes;Yes;No
87989;Female;56;Married;3;Yes;No;0;Low;No;Yes;No
44816;Female;30;Separated;2;No;No;0;Low;Yes;Yes;Yes
56670;Female;81;Married;4;No;Yes;23;Low;Yes;Yes;Yes
19501;Male;45;Single;1;No;No;0;Low;Yes;No;No
39107;Female;42;Widowed;4;Yes;Yes;20;Low;Yes;No;Yes
23199;Male;79;Married;1;Yes;No;0;Low;No;Yes;Yes
55136;Male;28;Single;2;Yes;No;0;Low;Yes;Yes;Yes
70357;Male;23;Widowed;3;Yes;Yes;0;High;Yes;Yes;Yes
42478;Female;58;Widowed;4;Yes;Yes;29;High;Yes;Yes;Yes
35035;Female;27;Single;2;Yes;No;0;Low;No;No;Yes
64729;Male;81;Separated;3;Yes;Yes;0;Low;Yes;No;Yes
22158;Female;46;Married;0;No;No;0;Low;Yes;Yes;No
58828;Male;62;Separated;5;Yes;Yes;19;Low;No;No;Yes
12885;Male;76;Married;3;No;Yes;33;High;Yes;No;Yes
98948;Female;74;Married;0;No;No;0;Low;No;No;Yes
12865;Female;23;Single;3;Yes;No;0;Low;No;No;Yes
93875;Female;25;Widowed;0;No;Yes;6;Medium;No;Yes;No
15170;Female;75;Widowed;0;No;Yes;14;High;Yes;Yes;Yes
43433;Female;64;Married;1;No;Yes;28;Medium;Yes;Yes;Yes
93192;Female;76;Widowed;4;Yes;No;0;Low;No;Yes;No
76881;Female;65;Widowed;0;No;No;0;Low;No;No;Yes
31892;Male;60;Separated;4;Yes;Yes;5;High;No;No;No
22326;Male;73;Married;0;Yes;No;0;Low;Yes;No;Yes
22464;Female;86;Widowed;4;No;No;0;Low;Yes;Yes;Yes
76868;Male;66;Separated;0;Yes;No;0;Low;No;Yes;Yes
57526;Female;76;Separated;5;Yes;Yes;36;Low;No;Yes;Yes
19614;Male;47;Single;5;No;Yes;23;High;Yes;Yes;Yes
50846;Female;45;Widowed;2;Yes;No;0;Low;No;No;Yes
69800;Male;56;Married;3;Yes;No;0;Low;No;No;Yes
99213;Female;72;Married;2;No;No;0;Low;Yes;Yes;No
50542;Female;77;Widowed;2;No;No;0;Low;Yes;No;Yes
60048;Male;18;Single;1;No;Yes;26;High;No;Yes;Yes
83943;Male;75;Separated;2;No;No;0;Low;Yes;No;No
85205;Male;72;Married;5;Yes;Yes;14;Medium;Yes;Yes;Yes
86746;Female;33;Separated;1;No;Yes;31;High;Yes;Yes;Yes
66566;Female;58;Separated;0;No;No;0;Low;Yes;No;Yes
12389;Male;41;Single;1;Yes;Yes;22;Low;Yes;No;Yes
38507;Female;84;Single;0;Yes;Yes;36;Medium;No;No;Yes
53063;Female;40;Single;3;Yes;No;0;Low;Yes;Yes;Yes
51711;Female;44;Widowed;4;No;No;0;Low;Yes;No;Yes
12985;Male;76;Married;1;No;No;0;Low;No;Yes;No
43735;Male;47;Separated;4;Yes;Yes;1;Low;Yes;No;Yes
93401;Male;54;Married;5;Yes;Yes;0;Medium;Yes;Yes;Yes
78896;Male;55;Widowed;4;No;No;0;Low;Yes;Yes;No
41312;Male;69;Separated;3;Yes;No;0;Low;No;Yes;Yes
79059;Female;52;Single;1;Yes;Yes;23;Medium;No;No;Yes
24625;Male;89;Single;4;No;Yes;15;Medium;Yes;No;Yes
32833;Male;20;Widowed;3;Yes;Yes;12;Low;No;Yes;Yes
80347;Male;33;Separated;2;Yes;No;0;Low;Yes;Yes;Yes
26816;Female;49;Married;0;No;Yes;17;Low;No;Yes;No
10421;Male;88;Widowed;3;Yes;Yes;4;Low;No;No;Yes
14639;Female;56;Separated;0;No;No;0;Low;No;Yes;No
97622;Female;56;Widowed;4;Yes;No;0;Low;No;No;Yes
44086;Male;66;Separated;1;Yes;Yes;20;Medium;No;No;Yes
26560;Male;87;Married;3;Yes;No;0;Low;Yes;No;Yes
17198;Female;76;Single;4;No;Yes;16;Low;Yes;No;Yes
57193;Male;41;Married;4;Yes;No;0;Low;Yes;No;Yes
38958;Male;62;Separated;1;Yes;Yes;1;Low;No;No;Yes
24462;Female;18;Married;2;Yes;Yes;11;High;No;Yes;Yes
46677;Male;37;Widowed;3;No;No;0;Low;Yes;No;Yes
19398;Male;42;Widowed;2;Yes;Yes;36;High;Yes;Yes;Yes
11027;Female;46;Separated;2;No;Yes;21;Low;Yes;Yes;Yes
34531;Male;82;Widowed;2;No;No;0;Low;Yes;No;Yes
56175;Male;42;Married;5;Yes;No;0;Low;Yes;Yes;No
87122;Female;22;Separated;1;No;Yes;38;Medium;Yes;No;Yes
63949;Female;88;Married;0;Yes;No;0;Low;No;Yes;Yes
83402;Male;57;Separated;1;No;No;0;Low;Yes;No;No
12089;Male;56;Single;4;No;No;0;Low;No;No;Yes
74370;Female;34;Married;1;No;Yes;16;Low;Yes;Yes;No
41929;Female;75;Single;1;No;Yes;5;Low;Yes;No;Yes
44563;Male;65;Married;3;No;No;0;Low;Yes;Yes;Yes
88389;Male;35;Widowed;5;No;Yes;27;Low;Yes;Yes;Yes
36943;Female;89;Widowed;4;No;No;0;Low;No;Yes;Yes
62369;Female;86;Married;3;Yes;Yes;13;Low;No;Yes;Yes
74732;Female;57;Single;1;No;No;0;Low;Yes;No;Yes
15638;Female;32;Single;2;No;No;0;Low;Yes;No;No
63967;Male;70;Single;3;Yes;Yes;17;Low;Yes;No;Yes
62397;Female;81;Single;4;No;No;0;Low;Yes;Yes;Yes
70190;Female;40;Married;2;No;No;0;Low;Yes;Yes;No
78093;Female;41;Widowed;5;No;No;0;Low;Yes;Yes;Yes
76434;Male;32;Widowed;3;No;No;0;Low;Yes;No;Yes
90568;Male;60;Widowed;5;Yes;No;0;Low;Yes;No;Yes
95967;Male;21;Widowed;0;No;Yes;8;High;Yes;Yes;No
73107;Female;87;Single;0;Yes;No;0;Low;No;Yes;Yes
66199;Male;22;Widowed;1;No;Yes;3;Low;Yes;Yes;Yes
58156;Female;67;Single;3;Yes;Yes;39;Medium;Yes;No;Yes
46278;Male;61;Single;2;Yes;No;0;Low;No;Yes;No
34477;Male;75;Separated;2;Yes;Yes;38;Medium;Yes;Yes;Yes
51765;Female;66;Widowed;2;No;Yes;8;Medium;Yes;Yes;Yes
22189;Female;20;Widowed;2;Yes;No;0;Low;Yes;Yes;No
33380;Male;83;Widowed;5;No;Yes;5;Medium;No;No;Yes
85140;Male;69;Widowed;1;No;Yes;19;High;No;Yes;No
18536;Male;34;Widowed;5;No;No;0;Low;Yes;Yes;Yes
57196;Male;81;Married;3;Yes;Yes;22;High;No;No;Yes
87901;Female;34;Single;2;Yes;Yes;6;Medium;No;Yes;Yes
93612;Male;33;Married;4;No;Yes;13;Low;No;Yes;No
36529;Female;52;Married;3;Yes;Yes;3;Medium;No;Yes;Yes
33110;Male;32;Single;1;Yes;No;0;Low;No;Yes;No
22765;Female;41;Widowed;2;No;No;0;Low;Yes;Yes;No
56589;Female;38;Single;5;Yes;Yes;34;Medium;Yes;Yes;Yes
16690;Male;28;Single;2;No;Yes;28;High;Yes;No;Yes
90306;Male;70;Single;4;No;Yes;5;Low;No;Yes;Yes
46723;Female;82;Single;4;Yes;No;0;Low;No;No;Yes
16941;Male;59;Widowed;0;No;Yes;29;Low;Yes;No;Yes
34565;Male;26;Widowed;5;No;Yes;32;Low;No;Yes;Yes
81559;Male;18;Married;0;Yes;Yes;7;Low;Yes;Yes;Yes
97435;Female;38;Widowed;3;No;Yes;32;Low;Yes;No;Yes
62061;Male;81;Married;5;Yes;No;0;Low;No;Yes;No
70323;Male;55;Single;3;No;Yes;24;High;Yes;No;Yes
20912;Female;20;Married;5;Yes;No;0;Low;Yes;No;Yes
19146;Female;46;Married;2;Yes;Yes;12;Medium;No;Yes;Yes
69448;Male;45;Single;1;Yes;No;0;Low;Yes;No;Yes
47580;Male;88;Single;5;No;No;0;Low;Yes;No;Yes
77525;Female;54;Single;3;No;Yes;18;Medium;Yes;No;Yes
94598;Female;32;Separated;3;No;No;0;Low;No;Yes;No
54381;Female;83;Separated;5;Yes;No;0;Low;No;No;Yes
84436;Male;83;Widowed;5;No;No;0;Low;No;Yes;Yes
62923;Male;76;Widowed;4;Yes;Yes;34;Low;No;Yes;Yes
25092;Female;27;Separated;5;No;Yes;20;Medium;Yes;No;Yes
51594;Male;45;Single;3;Yes;No;0;Low;Yes;No;Yes
78418;Male;56;Separated;4;Yes;No;0;Low;Yes;No;Yes
89230;Male;64;Single;1;No;No;0;Low;Yes;No;Yes
81400;Female;75;Widowed;1;Yes;Yes;19;Medium;Yes;Yes;No
80202;Female;83;Separated;4;Yes;Yes;16;High;Yes;No;Yes
98202;Male;39;Married;3;Yes;Yes;22;High;No;Yes;No
31239;Female;86;Married;1;No;Yes;10;Medium;Yes;Yes;Yes
38892;Male;62;Separated;1;Yes;No;0;Low;Yes;No;Yes
30933;Female;26;Single;4;No;No;0;Low;No;Yes;Yes
73131;Female;79;Married;4;Yes;Yes;6;High;No;No;Yes
43396;Male;22;Married;3;No;Yes;11;Medium;Yes;Yes;No
76517;Female;61;Married;1;Yes;No;0;Low;Yes;No;Yes
62439;Female;73;Separated;3;No;Yes;11;High;Yes;No;Yes
22185;Male;83;Single;0;No;Yes;36;Medium;Yes;No;Yes
73223;Male;20;Single;0;Yes;No;0;Low;No;Yes;Yes
66707;Female;40;Separated;2;Yes;Yes;23;High;No;No;Yes
46058;Female;47;Married;1;No;Yes;18;Low;Yes;Yes;No
99141;Female;34;Separated;5;Yes;No;0;Low;Yes;Yes;Yes
20609;Female;77;Widowed;1;No;No;0;Low;Yes;Yes;Yes
28325;Female;52;Widowed;0;No;Yes;12;Medium;Yes;No;Yes
32722;Male;44;Widowed;5;Yes;Yes;15;Medium;Yes;No;Yes
48505;Female;53;Widowed;5;Yes;Yes;13;Low;No;Yes;No
92896;Female;21;Widowed;5;No;Yes;29;High;Yes;Yes;Yes
60823;Male;70;Single;3;No;No;0;Low;No;No;Yes
63430;Female;47;Widowed;1;Yes;No;0;Low;Yes;No;Yes
57526;Male;76;Widowed;0;Yes;No;0;Low;Yes;No;Yes
83994;Male;57;Single;4;No;No;0;Low;No;No;Yes
30784;Female;66;Separated;5;Yes;Yes;38;Low;No;No;Yes
76844;Male;51;Single;2;No;No;0;Low;Yes;Yes;Yes
86533;Male;78;Separated;2;No;No;0;Low;No;No;Yes
81423;Male;29;Married;3;No;Yes;26;Medium;No;Yes;Yes
99574;Male;32;Separated;5;Yes;No;0;Low;Yes;No;Yes
37093;Female;55;Married;1;Yes;Yes;7;Medium;No;No;Yes
18223;Female;34;Married;3;No;Yes;9;Low;Yes;Yes;Yes
89922;Female;57;Widowed;1;No;No;0;Low;Yes;No;Yes
74673;Female;22;Separated;1;No;No;0;Low;Yes;No;Yes
89355;Female;23;Separated;0;No;Yes;5;Low;Yes;No;Yes
29918;Male;70;Single;3;No;Yes;37;High;No;No;Yes
90396;Male;64;Widowed;4;Yes;Yes;35;Low;Yes;No;Yes
38293;Male;46;Married;0;Yes;No;0;Low;No;No;No
21072;Female;61;Widowed;5;No;No;0;Low;Yes;Yes;Yes
29650;Female;28;Single;5;Yes;No;0;Low;No;Yes;Yes
57871;Female;55;Married;2;No;Yes;34;Low;No;No;Yes
42958;Female;33;Widowed;5;No;Yes;27;Low;Yes;Yes;Yes
10665;Female;59;Separated;1;No;Yes;25;Low;Yes;Yes;No
23640;Female;60;Single;1;No;No;0;Low;Yes;Yes;No
50632;Male;47;Widowed;3;Yes;No;0;Low;No;No;Yes
31777;Male;72;Single;3;No;No;0;Low;Yes;Yes;Yes
77901;Female;42;Separated;5;Yes;Yes;22;High;No;Yes;Yes
24138;Male;30;Married;1;Yes;No;0;Low;No;No;No
33744;Female;86;Widowed;2;No;Yes;19;High;No;No;Yes
19910;Female;58;Married;3;Yes;Yes;14;High;Yes;Yes;Yes
13290;Female;89;Widowed;2;No;Yes;38;Low;Yes;No;Yes
96305;Male;73;Separated;4;Yes;No;0;Low;No;No;Yes
94135;Male;66;Widowed;2;Yes;Yes;15;High;Yes;Yes;Yes
58655;Female;77;Married;0;No;No;0;Low;No;No;Yes
60945;Male;60;Married;4;No;Yes;36;Medium;No;No;Yes
88702;Male;84;Single;1;Yes;Yes;14;High;Yes;No;Yes
62778;Female;38;Widowed;3;No;Yes;2;High;Yes;No;Yes
72836;Female;85;Widowed;4;Yes;Yes;29;Medium;No;Yes;Yes
32766;Female;30;Single;3;No;Yes;36;Medium;Yes;Yes;Yes
60435;Male;37;Separated;5;No;Yes;27;High;No;Yes;Yes
13290;Male;56;Single;1;Yes;No;0;Low;No;No;Yes
53656;Female;68;Married;5;No;No;0;Low;Yes;Yes;Yes
12290;Male;77;Married;3;No;Yes;35;Low;No;Yes;Yes
55186;Female;67;Separated;3;Yes;No;0;Low;Yes;No;Yes
13848;Male;82;Single;3;No;Yes;26;High;No;No;Yes
57868;Female;37;Married;5;Yes;Yes;2;High;Yes;No;Yes
44045;Male;62;Single;1;No;Yes;27;High;Yes;Yes;Yes
86388;Female;73;Single;2;Yes;Yes;10;High;No;No;Yes
68413;Male;60;Separated;4;Yes;No;0;Low;No;Yes;Yes
26691;Male;54;Single;1;Yes;Yes;8;High;Yes;Yes;Yes
88625;Female;85;Single;5;Yes;No;0;Low;Yes;No;Yes
76262;Female;31;Separated;1;Yes;No;0;Low;Yes;No;No
80124;Female;64;Single;0;Yes;Yes;2;Medium;No;No;Yes
25679;Male;40;Single;4;No;Yes;27;Medium;No;No;Yes
59337;Male;70;Married;0;Yes;No;0;Low;Yes;Yes;No
23857;Male;78;Single;3;No;No;0;Low;No;Yes;Yes
49568;Female;31;Married;1;Yes;Yes;9;Medium;Yes;No;Yes
99462;Female;46;Single;2;Yes;No;0;Low;Yes;No;Yes
14560;Male;45;Widowed;1;No;No;0;Low;Yes;No;Yes
13207;Male;43;Single;5;Yes;No;0;Low;Yes;No;Yes
44983;Male;83;Single;3;Yes;Yes;5;Low;No;No;Yes
33275;Male;22;Single;0;Yes;Yes;19;Low;Yes;No;Yes
80092;Male;79;Single;2;No;Yes;11;Low;No;Yes;Yes
63778;Male;85;Single;1;No;Yes;29;High;Yes;No;Yes
47350;Male;20;Separated;2;No;Yes;38;High;No;No;No
55650;Female;38;Widowed;1;Yes;Yes;28;Medium;No;Yes;No
70511;Female;81;Married;3;Yes;No;0;Low;Yes;Yes;Yes
97710;Female;32;Single;5;No;Yes;36;High;No;Yes;Yes
53873;Male;70;Widowed;4;Yes;Yes;7;Low;Yes;No;Yes
15912;Female;53;Widowed;3;Yes;No;0;Low;No;Yes;Yes
32704;Female;89;Widowed;5;No;No;0;Low;No;Yes;Yes
88680;Female;62;Widowed;5;No;No;0;Low;Yes;Yes;Yes
11082;Female;69;Married;0;No;No;0;Low;No;Yes;No
88859;Male;84;Separated;1;No;Yes;11;High;No;No;Yes
30020;Male;40;Single;4;No;Yes;33;Medium;Yes;Yes;Yes
86020;Female;60;Single;4;No;No;0;Low;No;Yes;No
28279;Female;34;Married;1;Yes;Yes;13;Low;No;Yes;No
73345;Female;83;Separated;5;Yes;Yes;36;High;No;No;Yes
49842;Male;34;Single;5;Yes;No;0;Low;No;Yes;Yes
40149;Female;53;Separated;5;No;Yes;24;Low;Yes;No;Yes
30415;Female;43;Single;5;No;No;0;Low;No;Yes;No
80518;Female;28;Married;0;No;Yes;0;Low;Yes;Yes;Yes
60671;Male;50;Separated;5;No;No;0;Low;No;Yes;Yes
83435;Female;25;Separated;3;Yes;No;0;Low;No;No;No
86632;Female;22;Single;1;Yes;Yes;4;High;Yes;Yes;No
94333;Male;56;Single;3;No;Yes;3;Medium;No;Yes;Yes
10793;Female;75;Separated;2;Yes;Yes;36;Low;Yes;No;Yes
84442;Male;48;Married;1;No;No;0;Low;Yes;No;Yes
74811;Male;82;Single;3;No;No;0;Low;Yes;No;Yes
99328;Female;58;Single;5;Yes;No;0;Low;No;No;Yes
36401;Female;54;Separated;2;No;Yes;2;High;No;No;Yes
59175;Male;20;Separated;4;Yes;No;0;Low;No;Yes;Yes
28608;Male;28;Widowed;0;Yes;Yes;3;High;Yes;Yes;Yes
88825;Male;55;Married;4;Yes;Yes;30;Medium;No;Yes;Yes
55063;Male;87;Widowed;1;Yes;No;0;Low;Yes;No;Yes
43572;Female;86;Separated;0;Yes;No;0;Low;No;No;Yes
62558;Female;75;Separated;3;Yes;Yes;9;High;No;Yes;Yes
23685;Male;36;Single;5;Yes;No;0;Low;Yes;No;Yes
54945;Female;61;Widowed;1;No;Yes;15;High;Yes;No;No
88461;Female;76;Separated;3;No;Yes;31;Low;Yes;No;Yes
77137;Male;48;Widowed;5;Yes;Yes;9;High;Yes;Yes;Yes
83578;Male;66;Separated;1;Yes;No;0;Low;Yes;Yes;Yes
24909;Male;75;Widowed;0;No;Yes;39;High;Yes;No;Yes
21210;Female;27;Separated;4;Yes;No;0;Low;No;No;No
13680;Female;54;Single;1;No;No;0;Low;Yes;Yes;No
71461;Female;40;Separated;3;Yes;No;0;Low;No;Yes;Yes
41959;Female;67;Married;1;No;Yes;10;Low;Yes;Yes;Yes
37134;Female;89;Widowed;1;No;Yes;28;Medium;Yes;Yes;Yes
70295;Female;43;Separated;3;No;No;0;Low;Yes;No;Yes
71051;Female;24;Separated;3;Yes;No;0;Low;No;No;Yes
56280;Male;62;Married;4;No;No;0;Low;No;Yes;No
41190;Female;83;Widowed;4;No;No;0;Low;No;No;No
60361;Male;41;Separated;0;No;Yes;34;Low;Yes;Yes;Yes
70968;Male;38;Single;3;No;No;0;Low;No;Yes;No
22177;Male;68;Widowed;0;No;No;0;Low;No;No;Yes
42901;Female;83;Separated;5;No;Yes;10;Medium;Yes;Yes;Yes
56267;Female;63;Married;2;No;Yes;15;Medium;Yes;Yes;Yes
86102;Female;84;Married;1;No;No;0;Low;No;No;Yes
22280;Female;29;Separated;3;Yes;No;0;Low;No;No;Yes
61663;Male;60;Separated;2;No;No;0;Low;No;No;No
83842;Female;86;Widowed;1;No;Yes;36;High;No;No;Yes
72539;Female;21;Separated;5;Yes;No;0;Low;No;Yes;No
74469;Male;85;Separated;4;Yes;Yes;32;Low;Yes;No;Yes
52566;Female;42;Separated;2;Yes;No;0;Low;Yes;Yes;No
13764;Female;45;Single;2;No;Yes;26;High;Yes;Yes;Yes
52641;Male;50;Married;3;Yes;Yes;22;Medium;No;No;Yes
20526;Female;43;Married;3;No;No;0;Low;Yes;No;Yes
36151;Female;63;Married;3;Yes;No;0;Low;No;No;Yes
69657;Male;63;Separated;2;Yes;Yes;37;Low;No;No;Yes
21513;Female;25;Widowed;3;No;No;0;Low;Yes;No;No
92403;Male;80;Widowed;1;No;Yes;39;Low;No;No;Yes
51121;Female;89;Single;0;No;Yes;11;Low;Yes;Yes;Yes
36007;Male;81;Widowed;0;No;Yes;17;Low;Yes;No;Yes
49756;Male;23;Widowed;4;Yes;No;0;Low;Yes;No;Yes
17833;Male;62;Single;3;No;Yes;35;Medium;Yes;No;Yes
80484;Female;68;Widowed;2;Yes;Yes;18;Low;Yes;No;Yes
17226;Female;82;Single;1;Yes;Yes;10;High;Yes;Yes;Yes
11988;Female;28;Married;4;Yes;Yes;11;High;Yes;Yes;Yes
62095;Male;88;Widowed;3;No;Yes;25;Low;Yes;Yes;Yes
87674;Female;75;Separated;3;No;Yes;3;Low;No;Yes;Yes
27443;Male;60;Separated;1;No;Yes;26;Low;No;Yes;No
61355;Male;67;Single;5;Yes;Yes;33;High;No;No;Yes
82022;Male;20;Married;3;Yes;Yes;9;Low;Yes;No;Yes
54247;Female;49;Married;2;No;No;0;Low;Yes;No;Yes
35972;Female;20;Married;2;No;Yes;16;High;Yes;No;No
76930;Female;41;Married;4;No;Yes;25;Low;No;No;Yes
24494;Male;40;Single;0;No;No;0;Low;Yes;Yes;No
49253;Male;89;Widowed;0;Yes;No;0;Low;Yes;No;Yes
61329;Male;66;Single;0;Yes;Yes;14;High;Yes;No;Yes
30967;Female;71;Separated;5;No;No;0;Low;No;No;Yes
73439;Female;85;Separated;5;No;No;0;Low;No;Yes;No
24876;Female;32;Separated;0;No;Yes;35;Low;No;Yes;Yes
12205;Female;87;Married;1;Yes;Yes;1;Medium;Yes;Yes;Yes
20359;Female;31;Married;3;Yes;No;0;Low;No;No;Yes
77022;Male;80;Single;3;No;Yes;1;Medium;Yes;Yes;Yes
10418;Male;28;Married;0;No;Yes;10;High;No;No;No
57773;Female;82;Married;5;Yes;Yes;22;Low;No;Yes;Yes
56951;Male;76;Married;3;Yes;No;0;Low;Yes;No;Yes
80005;Female;79;Single;0;Yes;No;0;Low;Yes;Yes;Yes
82437;Female;61;Married;2;Yes;Yes;31;High;No;No;Yes
21065;Male;71;Widowed;1;No;Yes;10;Medium;No;Yes;No
15406;Female;32;Married;3;Yes;No;0;Low;No;No;Yes
26508;Male;60;Single;0;Yes;Yes;22;Medium;No;Yes;Yes
77523;Male;30;Single;0;Yes;No;0;Low;Yes;No;Yes
28129;Male;49;Widowed;0;Yes;No;0;Low;No;Yes;No
29915;Female;28;Widowed;3;No;Yes;7;Low;No;Yes;Yes
34106;Male;65;Single;3;No;Yes;15;Low;Yes;Yes;Yes
27526;Male;26;Married;4;No;Yes;13;Medium;No;No;No
92332;Male;54;Married;3;No;Yes;4;High;No;Yes;No
22442;Male;21;Single;3;Yes;Yes;21;Low;Yes;Yes;Yes
70804;Male;38;Separated;2;No;Yes;7;High;No;Yes;Yes
29753;Male;68;Separated;4;No;No;0;Low;No;No;Yes
68369;Male;73;Widowed;5;Yes;No;0;Low;Yes;No;Yes
46796;Male;83;Married;5;No;No;0;Low;No;Yes;Yes
21018;Male;74;Widowed;5;Yes;Yes;32;Medium;Yes;Yes;Yes
80490;Female;40;Widowed;0;No;Yes;6;Medium;No;No;No
64487;Female;84;Separated;5;No;No;0;Low;No;No;Yes
66214;Male;48;Married;5;Yes;Yes;15;High;Yes;No;Yes
39601;Male;68;Widowed;3;No;Yes;20;High;Yes;Yes;Yes
95116;Male;52;Separated;2;Yes;Yes;8;Medium;No;No;Yes
84551;Female;79;Separated;0;Yes;Yes;5;Low;Yes;Yes;Yes
96307;Male;76;Married;3;No;No;0;Low;No;No;Yes
92129;Female;67;Single;2;Yes;No;0;Low;No;No;Yes
75710;Female;32;Separated;1;No;No;0;Low;Yes;Yes;No
18842;Female;43;Separated;4;Yes;Yes;7;Low;Yes;No;Yes
32502;Male;55;Widowed;5;No;No;0;Low;No;Yes;No
12402;Female;44;Single;1;No;Yes;10;Medium;Yes;No;Yes
66023;Male;41;Married;5;Yes;Yes;31;Low;No;Yes;Yes
18291;Male;72;Married;5;No;No;0;Low;Yes;No;Yes
99155;Male;87;Married;2;No;No;0;Low;No;No;Yes
46986;Male;88;Married;2;Yes;Yes;32;Low;Yes;No;Yes
77043;Female;30;Married;4;No;No;0;Low;Yes;Yes;Yes
29788;Male;86;Widowed;5;Yes;No;0;Low;Yes;Yes;Yes
26651;Female;73;Separated;1;No;No;0;Low;Yes;No;Yes
66031;Female;64;Married;4;No;No;0;Low;No;Yes;Yes
13867;Female;71;Single;2;Yes;Yes;38;Medium;No;Yes;Yes
44118;Female;64;Separated;0;Yes;Yes;35;Low;Yes;Yes;Yes
56001;Male;80;Married;1;No;Yes;0;Medium;No;Yes;No
79060;Female;58;Widowed;4;Yes;Yes;22;Medium;No;No;Yes
89928;Female;89;Separated;3;Yes;No;0;Low;No;Yes;Yes
11072;Female;71;Separated;0;No;No;0;Low;No;No;Yes
40216;Male;28;Single;5;Yes;No;0;Low;Yes;No;Yes
71444;Female;50;Married;1;Yes;No;0;Low;No;No;No
51631;Female;54;Married;3;Yes;No;0;Low;Yes;Yes;No
13809;Female;26;Separated;1;No;No;0;Low;No;No;No
54712;Male;84;Widowed;0;No;Yes;9;High;No;No;Yes
98646;Female;31;Separated;0;No;Yes;2;Low;No;No;Yes
82337;Female;25;Single;1;No;Yes;1;Medium;No;No;Yes
95608;Female;39;Single;4;Yes;No;0;Low;Yes;Yes;Yes
62541;Male;77;Separated;3;Yes;No;0;Low;Yes;No;Yes
67426;Female;51;Single;3;No;No;0;Low;Yes;No;Yes
81091;Male;89;Separated;3;Yes;No;0;Low;Yes;No;Yes
68689;Female;83;Married;1;No;No;0;Low;No;No;No
16556;Female;37;Married;2;No;No;0;Low;Yes;Yes;No
86320;Female;29;Separated;0;Yes;Yes;17;Low;No;Yes;Yes
10149;Male;45;Married;5;No;Yes;2;Low;Yes;Yes;Yes
27608;Male;37;Married;4;No;Yes;25;Medium;Yes;No;Yes
40057;Male;69;Separated;2;No;No;0;Low;No;No;No
83724;Male;45;Single;1;Yes;Yes;26;Medium;No;No;Yes
15092;Male;71;Separated;5;No;Yes;21;Low;Yes;No;Yes
57514;Male;80;Widowed;4;Yes;Yes;30;Medium;Yes;No;Yes
59599;Male;31;Single;1;No;No;0;Low;No;Yes;No
14768;Female;19;Separated;0;Yes;Yes;32;High;Yes;No;Yes
87888;Female;75;Single;3;Yes;Yes;35;High;Yes;No;Yes
30148;Female;46;Separated;4;Yes;No;0;Low;No;No;Yes
89345;Male;46;Widowed;5;Yes;No;0;Low;No;No;Yes
92701;Female;32;Separated;0;No;No;0;Low;No;Yes;No
43972;Male;34;Separated;0;No;Yes;19;Medium;Yes;No;Yes
89415;Female;53;Single;0;No;No;0;Low;No;No;No
59104;Female;37;Single;1;No;No;0;Low;No;Yes;Yes
67175;Male;30;Widowed;4;No;Yes;38;Medium;No;Yes;No
73897;Male;79;Separated;5;No;Yes;11;Medium;Yes;No;Yes
68999;Female;54;Separated;1;Yes;Yes;21;Medium;No;Yes;Yes
53133;Female;31;Widowed;5;Yes;Yes;0;Low;Yes;Yes;Yes
48184;Female;25;Widowed;1;Yes;Yes;26;Low;No;Yes;Yes
39775;Male;42;Separated;2;No;Yes;7;High;Yes;Yes;No
84663;Female;81;Single;4;No;No;0;Low;No;Yes;Yes
33421;Female;49;Married;5;Yes;Yes;21;Low;No;Yes;Yes
30902;Male;36;Separated;0;Yes;Yes;29;High;Yes;No;Yes
74232;Male;80;Single;2;No;No;0;Low;Yes;No;Yes
70701;Female;35;Separated;1;Yes;No;0;Low;Yes;Yes;No
83168;Female;46;Widowed;0;Yes;Yes;12;Low;Yes;No;Yes
42725;Female;57;Separated;1;No;Yes;14;Medium;No;Yes;No
27033;Female;25;Single;5;Yes;Yes;12;Low;No;No;Yes
86417;Male;67;Single;4;No;No;0;Low;Yes;No;Yes
47230;Female;53;Separated;2;No;Yes;35;Low;Yes;No;Yes
47425;Male;43;Married;0;Yes;No;0;Low;No;No;No
74676;Male;26;Separated;3;No;No;0;Low;Yes;No;Yes
23363;Male;83;Widowed;0;Yes;Yes;19;High;No;No;Yes
77657;Female;50;Single;3;No;No;0;Low;Yes;Yes;No
95817;Male;38;Single;5;Yes;No;0;Low;No;Yes;Yes
34249;Female;51;Widowed;1;Yes;No;0;Low;No;Yes;No
57346;Male;71;Single;2;Yes;No;0;Low;Yes;Yes;Yes
66549;Female;66;Separated;2;No;Yes;28;Low;Yes;Yes;Yes
74991;Male;84;Married;4;Yes;Yes;27;Low;Yes;Yes;Yes
15548;Female;18;Widowed;1;Yes;Yes;6;High;Yes;Yes;Yes
89356;Female;54;Separated;4;Yes;No;0;Low;No;Yes;Yes
52337;Male;29;Separated;5;Yes;Yes;10;High;No;Yes;Yes
83641;Female;73;Separated;3;No;Yes;0;High;Yes;Yes;Yes
78940;Male;41;Widowed;2;No;Yes;3;High;Yes;No;Yes
93731;Female;63;Married;2;No;No;0;Low;No;No;Yes
38774;Male;76;Single;0;Yes;No;0;Low;No;No;Yes
22982;Female;87;Separated;2;No;Yes;1;Low;No;No;No
83945;Male;86;Widowed;4;Yes;Yes;0;Medium;No;No;Yes
34955;Male;29;Single;1;No;No;0;Low;No;No;No
53993;Female;60;Married;2;Yes;Yes;28;Low;No;Yes;Yes
89348;Male;45;Married;2;No;No;0;Low;No;Yes;No
43143;Female;53;Single;2;Yes;No;0;Low;Yes;No;Yes
48426;Male;38;Married;1;Yes;No;0;Low;Yes;No;Yes
71113;Male;40;Separated;5;Yes;Yes;29;Medium;Yes;No;Yes
67388;Female;66;Married;0;Yes;Yes;18;Medium;Yes;Yes;Yes
37865;Female;73;Widowed;2;No;Yes;6;Low;No;Yes;Yes
56497;Male;46;Single;3;Yes;Yes;30;High;No;Yes;Yes
57596;Female;50;Separated;4;No;Yes;17;Low;No;No;No
76725;Male;44;Single;0;No;Yes;7;High;Yes;Yes;No
42718;Male;58;Separated;5;Yes;Yes;38;Medium;Yes;No;Yes
51610;Female;57;Separated;5;Yes;No;0;Low;No;No;Yes
88065;Female;78;Separated;4;No;Yes;38;High;No;No;Yes
82223;Male;34;Separated;0;No;No;0;Low;Yes;Yes;Yes
79268;Female;23;Widowed;3;Yes;Yes;35;Low;No;No;Yes
88256;Male;53;Widowed;0;Yes;Yes;36;High;No;No;Yes
56287;Female;62;Married;1;No;Yes;0;Medium;Yes;Yes;No
80203;Female;71;Single;2;No;No;0;Low;Yes;No;Yes
69911;Female;77;Separated;2;No;No;0;Low;Yes;No;Yes
89197;Female;89;Widowed;2;No;No;0;Low;No;No;No
39124;Male;68;Widowed;4;Yes;Yes;11;Low;Yes;No;Yes
29598;Female;47;Widowed;3;No;No;0;Low;Yes;No;Yes
27016;Female;35;Separated;0;Yes;No;0;Low;No;Yes;No
21146;Female;67;Married;0;Yes;Yes;28;Medium;Yes;No;Yes
91141;Female;20;Married;4;Yes;No;0;Low;No;No;Yes
42959;Female;69;Separated;2;No;Yes;37;High;Yes;No;Yes
51572;Female;36;Single;4;Yes;Yes;19;Low;Yes;No;Yes
58815;Male;81;Single;3;Yes;No;0;Low;Yes;Yes;Yes
51285;Female;78;Married;2;Yes;No;0;Low;No;No;Yes
23891;Male;86;Single;1;Yes;No;0;Low;Yes;No;Yes
36795;Male;69;Separated;0;Yes;No;0;Low;No;Yes;Yes
42238;Male;48;Widowed;1;No;No;0;Low;Yes;Yes;Yes
56573;Male;27;Separated;5;Yes;No;0;Low;No;Yes;Yes
73605;Male;59;Separated;3;No;No;0;Low;Yes;No;Yes
88724;Female;54;Single;1;No;Yes;25;Medium;No;Yes;No
89130;Male;38;Married;2;No;Yes;5;Medium;Yes;Yes;Yes
31780;Male;62;Single;4;No;Yes;36;High;Yes;No;Yes
61105;Male;82;Married;0;Yes;Yes;22;Medium;Yes;No;Yes
69495;Male;76;Single;1;No;No;0;Low;No;Yes;Yes
42749;Male;82;Separated;4;No;Yes;4;High;Yes;Yes;Yes
29661;Female;73;Separated;1;No;Yes;22;Low;No;No;Yes
20980;Male;36;Separated;2;Yes;No;0;Low;Yes;Yes;Yes
86848;Female;45;Widowed;0;No;No;0;Low;No;No;Yes
81520;Male;64;Single;2;No;Yes;27;High;Yes;No;Yes
77079;Male;55;Separated;3;Yes;No;0;Low;Yes;No;Yes
84988;Male;49;Widowed;3;Yes;No;0;Low;Yes;Yes;Yes
45757;Male;59;Widowed;2;Yes;Yes;37;Medium;No;No;Yes
88102;Male;40;Single;4;No;No;0;Low;Yes;No;Yes
75176;Female;55;Single;4;No;No;0;Low;No;Yes;Yes
25467;Male;53;Single;4;No;Yes;24;Medium;No;No;Yes
23434;Male;58;Married;5;Yes;Yes;29;High;No;Yes;Yes
82452;Female;52;Separated;3;Yes;No;0;Low;No;No;Yes
20018;Female;50;Widowed;0;No;No;0;Low;No;No;Yes
40422;Male;42;Single;5;Yes;No;0;Low;No;No;Yes
27752;Female;38;Married;0;Yes;No;0;Low;Yes;Yes;No
54720;Male;67;Married;0;Yes;No;0;Low;No;Yes;Yes
32061;Male;36;Single;2;Yes;Yes;21;Low;Yes;No;Yes
50260;Male;79;Widowed;2;No;Yes;2;High;No;Yes;Yes
58810;Male;69;Single;4;No;Yes;1;Low;Yes;Yes;Yes
43968;Female;36;Widowed;5;No;Yes;37;High;Yes;Yes;Yes
30024;Female;75;Married;4;Yes;No;0;Low;No;No;Yes
40034;Male;84;Married;1;No;Yes;12;Medium;No;No;No
18853;Male;26;Single;5;No;No;0;Low;Yes;Yes;Yes
73332;Male;69;Separated;4;Yes;No;0;Low;Yes;No;Yes
11997;Female;30;Separated;2;No;No;0;Low;No;No;Yes
91317;Male;80;Widowed;3;Yes;No;0;Low;Yes;Yes;Yes
62616;Male;46;Single;4;No;Yes;25;High;Yes;Yes;Yes
93256;Female;28;Married;5;No;Yes;35;Medium;Yes;No;Yes
47467;Male;46;Single;0;Yes;No;0;Low;No;Yes;Yes
14749;Female;78;Single;5;Yes;No;0;Low;Yes;No;Yes
18557;Male;34;Single;3;No;No;0;Low;Yes;Yes;No
17516;Female;44;Married;0;Yes;No;0;Low;No;No;Yes
55108;Male;87;Separated;1;Yes;Yes;31;Medium;No;Yes;Yes
45965;Male;50;Single;5;Yes;Yes;27;High;Yes;Yes;Yes
39400;Male;18;Single;1;Yes;Yes;26;Medium;No;No;Yes
46784;Female;60;Widowed;0;Yes;Yes;9;High;No;Yes;No
84901;Female;45;Separated;4;No;Yes;7;Medium;Yes;No;Yes
53748;Male;42;Single;1;No;Yes;35;Low;Yes;No;Yes
65511;Female;18;Widowed;5;Yes;Yes;35;Medium;Yes;No;Yes
25370;Female;70;Married;1;No;No;0;Low;No;Yes;Yes
70572;Male;59;Single;3;Yes;Yes;6;Medium;No;No;Yes
22411;Male;84;Widowed;4;No;Yes;34;High;Yes;No;Yes
83899;Female;47;Married;5;Yes;No;0;Low;Yes;Yes;Yes
63147;Female;45;Married;5;Yes;Yes;25;Medium;No;Yes;Yes
48920;Male;72;Single;2;No;No;0;Low;No;No;Yes
46524;Female;35;Married;2;No;Yes;31;High;Yes;Yes;Yes
45768;Female;80;Separated;5;Yes;Yes;12;High;No;No;Yes
78579;Male;51;Married;4;No;No;0;Low;Yes;Yes;Yes
17480;Male;36;Separated;0;No;No;0;Low;No;Yes;No
55075;Male;70;Single;3;No;Yes;16;Medium;Yes;No;Yes
91559;Female;41;Married;1;Yes;No;0;Low;No;No;Yes
95505;Male;35;Widowed;1;Yes;No;0;Low;No;Yes;No
25150;Female;75;Single;3;No;Yes;9;High;No;No;Yes
20605;Female;31;Separated;0;No;No;0;Low;No;No;No
10263;Female;37;Separated;4;No;No;0;Low;No;Yes;No
13808;Female;53;Married;4;No;No;0;Low;Yes;Yes;No
79540;Female;27;Widowed;3;Yes;No;0;Low;Yes;No;Yes
87279;Male;37;Single;3;No;No;0;Low;Yes;No;Yes
47179;Female;78;Married;3;Yes;No;0;Low;No;Yes;Yes
50389;Male;51;Married;0;No;No;0;Low;Yes;No;No
41536;Female;87;Single;4;Yes;Yes;12;High;No;No;Yes
89749;Female;70;Single;4;Yes;No;0;Low;No;Yes;Yes
25043;Male;54;Single;5;Yes;Yes;8;Low;No;No;Yes
87442;Male;75;Separated;2;No;Yes;10;Low;No;No;Yes
50818;Male;40;Separated;0;Yes;Yes;29;Low;No;Yes;Yes
14160;Female;87;Separated;1;No;Yes;38;High;No;No;Yes
26188;Male;54;Widowed;5;Yes;No;0;Low;No;Yes;Yes
